No,Group,Family,Name_S,Name_C,Endemic,Alien,西元年,Month,Date,Time,Region,X坐標,Y坐標,數量
1,爬蟲類,飛蜥科,Japalura swinhonis,斯文豪氏攀蜥,特有種,,2014,5,18,1149,新店溪,303621,2766991,1
2,爬蟲類,飛蜥科,Japalura swinhonis,斯文豪氏攀蜥,特有種,,2014,5,18,1151,新店溪,303377,2767070,1
3,爬蟲類,飛蜥科,Japalura swinhonis,斯文豪氏攀蜥,特有種,,2014,5,18,1202,新店溪,302332,2768213,1
4,爬蟲類,飛蜥科,Japalura swinhonis,斯文豪氏攀蜥,特有種,,2014,5,18,1208,新店溪,301338,2768341,1
5,爬蟲類,飛蜥科,Japalura swinhonis,斯文豪氏攀蜥,特有種,,2014,5,18,1209,新店溪,301291,2768316,1
6,爬蟲類,飛蜥科,Japalura swinhonis,斯文豪氏攀蜥,特有種,,2014,5,18,1241,淡水河,299504,2770031,1
7,爬蟲類,飛蜥科,Japalura swinhonis,斯文豪氏攀蜥,特有種,,2014,5,18,1324,淡水河,300499,2775890,1
8,爬蟲類,飛蜥科,Japalura swinhonis,斯文豪氏攀蜥,特有種,,2014,5,18,1330,淡水河,301018,2775267,1
10,爬蟲類,地龜科,Ocadia sinensis,斑龜,,,2014,5,15,00:00,新店溪,300909,2767914,1
11,爬蟲類,黃頷蛇科,Elaphe carinata,臭青公,,,2014,5,15,945,新店溪,300386,2767413,1
13,爬蟲類,澤龜科,Trachemys scripta elegans,紅耳泥龜,,外來種,2014,5,15,952,新店溪,300068,2767152,1
29,爬蟲類,壁虎科,Gekko hokouensis,鉛山壁虎,,,2014,5,16,1929,新店溪,303388,2767051,2
38,爬蟲類,壁虎科,Gekko hokouensis,鉛山壁虎,,,2014,5,16,1951,新店溪,302467,2768180,1
40,爬蟲類,壁虎科,Gekko hokouensis,鉛山壁虎,,,2014,5,16,1957,新店溪,302154,2768258,2
93,爬蟲類,壁虎科,Hemidactylus frenatus,疣尾蝎虎,,,2014,5,25,2052,關渡水岸公園,296636,2778999,1
97,爬蟲類,飛蜥科,Japalura swinhonis,斯文豪氏攀蜥,特有種,,2014,6,5,940,新店溪,303942,2766378,1
98,爬蟲類,飛蜥科,Japalura swinhonis,斯文豪氏攀蜥,特有種,,2014,6,5,944,新店溪,303893,2766537,1
101,爬蟲類,飛蜥科,Japalura swinhonis,斯文豪氏攀蜥,特有種,,2014,6,5,1014,新店溪,302626,2768047,1
102,爬蟲類,飛蜥科,Japalura swinhonis,斯文豪氏攀蜥,特有種,,2014,6,5,1029,新店溪,301933,2768336,1
103,爬蟲類,飛蜥科,Japalura swinhonis,斯文豪氏攀蜥,特有種,,2014,6,5,1035,新店溪,301849,2768510,1
104,爬蟲類,澤龜科,Trachemys scripta elegans,紅耳泥龜,,外來種,2014,6,5,1108,新店溪,301664,2768396,2
105,爬蟲類,飛蜥科,Japalura swinhonis,斯文豪氏攀蜥,特有種,,2014,6,5,1130,新店溪,302742,2768081,2
106,爬蟲類,飛蜥科,Japalura swinhonis,斯文豪氏攀蜥,特有種,,2014,6,5,1133,新店溪,302836,2767889,1
110,爬蟲類,澤龜科,Trachemys scripta elegans,紅耳泥龜,,外來種,2014,6,10,1119,淡水河,300599,2770876,1
111,爬蟲類,澤龜科,Trachemys scripta elegans,紅耳泥龜,,外來種,2014,6,10,1121,淡水河,300480,2770719,1
112,爬蟲類,澤龜科,Trachemys scripta elegans,紅耳泥龜,,外來種,2014,6,10,1124,淡水河,300339,2770535,4
113,爬蟲類,飛蜥科,Japalura swinhonis,斯文豪氏攀蜥,特有種,,2014,6,10,1130,淡水河,300107,2770261,1
114,爬蟲類,飛蜥科,Japalura swinhonis,斯文豪氏攀蜥,特有種,,2014,6,10,1137,淡水河,299930,2770171,1
115,爬蟲類,澤龜科,Trachemys scripta elegans,紅耳泥龜,,外來種,2014,6,10,1150,淡水河,299409,2769895,7
116,爬蟲類,飛蜥科,Japalura swinhonis,斯文豪氏攀蜥,特有種,,2014,6,10,1211,新店溪,299623,2767959,1
118,爬蟲類,地龜科,Ocadia sinensis,斑龜,,,2014,6,12,555,新店溪,301241.5711,2768232.826,3
119,爬蟲類,澤龜科,Trachemys scripta elegans,紅耳泥龜,,外來種,2014,6,12,653,新店溪,300891,2767885,1
168,爬蟲類,地龜科,Ocadia sinensis,斑龜,,,2014,6,27,1558,淡水河,301310,2773053,1
169,爬蟲類,飛蜥科,Japalura swinhonis,斯文豪氏攀蜥,特有種,,2014,6,27,1614,淡水河,300800,2775582,1
170,爬蟲類,飛蜥科,Japalura swinhonis,斯文豪氏攀蜥,特有種,,2014,6,27,1616,淡水河,300551,2775835,1
180,爬蟲類,壁虎科,Hemidactylus frenatus,疣尾蝎虎,,,2014,6,27,2103,新店溪,299484,2768516,1
190,爬蟲類,澤龜科,Trachemys scripta elegans,紅耳泥龜,,外來種,2014,6,27,2126,新店溪,299607,2767650,1
197,爬蟲類,壁虎科,Hemidactylus frenatus,疣尾蝎虎,,,2014,7,2,827,新店溪,304021,2766335,1
198,爬蟲類,飛蜥科,Japalura swinhonis,斯文豪氏攀蜥,特有種,,2014,7,2,836,新店溪,303889,2766681,1
199,爬蟲類,飛蜥科,Japalura swinhonis,斯文豪氏攀蜥,特有種,,2014,7,2,847,新店溪,303824,2766943,1
200,爬蟲類,飛蜥科,Japalura swinhonis,斯文豪氏攀蜥,特有種,,2014,7,2,856,新店溪,303795,2766934,1
201,爬蟲類,澤龜科,Trachemys scripta elegans,紅耳泥龜,,外來種,2014,7,2,904,新店溪,303714,2766950,5
202,爬蟲類,地龜科,Ocadia sinensis,斑龜,,,2014,7,2,904,新店溪,303714,2766950,1
203,爬蟲類,地龜科,Ocadia sinensis,斑龜,,,2014,7,2,904,新店溪,303714,2766950,2
204,爬蟲類,飛蜥科,Japalura swinhonis,斯文豪氏攀蜥,特有種,,2014,7,2,909,新店溪,303692,2766970,1
205,爬蟲類,飛蜥科,Japalura swinhonis,斯文豪氏攀蜥,特有種,,2014,7,2,911,新店溪,303625,2767000,1
207,爬蟲類,地龜科,Ocadia sinensis,斑龜,,,2014,7,2,1017,新店溪,301221,2768225,4
208,爬蟲類,飛蜥科,Japalura swinhonis,斯文豪氏攀蜥,特有種,,2014,7,2,1029,新店溪,300826,2767878,1
209,爬蟲類,飛蜥科,Japalura swinhonis,斯文豪氏攀蜥,特有種,,2014,7,2,1108,新店溪,300384,2767560,1
210,爬蟲類,飛蜥科,Japalura swinhonis,斯文豪氏攀蜥,特有種,,2014,7,2,1145,新店溪,300741,2767742,1
211,爬蟲類,飛蜥科,Japalura swinhonis,斯文豪氏攀蜥,特有種,,2014,7,2,1157,新店溪,302891,2767777,1
212,爬蟲類,飛蜥科,Japalura swinhonis,斯文豪氏攀蜥,特有種,,2014,7,2,1204,新店溪,303653,2766994,1
213,爬蟲類,飛蜥科,Japalura swinhonis,斯文豪氏攀蜥,特有種,,2014,7,2,1204,新店溪,303653,2766994,3
214,爬蟲類,飛蜥科,Japalura swinhonis,斯文豪氏攀蜥,特有種,,2014,7,2,1213,新店溪,303695,2766966,2
215,爬蟲類,壁虎科,Gekko hokouensis,鉛山壁虎,,,2014,7,2,1900,新店溪,302172,2768249,3
216,爬蟲類,黃頷蛇科,Elaphe carinata,臭青公,,,2014,7,2,1905,新店溪,302058,2768415,1
270,爬蟲類,飛蜥科,Japalura swinhonis,斯文豪氏攀蜥,特有種,,2014,7,2,2141,新店溪,303891,2766670,1
275,爬蟲類,飛蜥科,Japalura swinhonis,斯文豪氏攀蜥,特有種,,2014,7,3,926,新店溪,299404,2768724,1
276,爬蟲類,澤龜科,Trachemys scripta elegans,紅耳泥龜,,外來種,2014,7,3,955,淡水河,299461,2769881,7
277,爬蟲類,飛蜥科,Japalura swinhonis,斯文豪氏攀蜥,特有種,,2014,7,3,1014,淡水河,300951,2771529,1
278,爬蟲類,地龜科,Ocadia sinensis,斑龜,,,2014,7,3,1029,淡水河,300942,2771480,3
279,爬蟲類,澤龜科,Trachemys scripta elegans,紅耳泥龜,,外來種,2014,7,3,1029,淡水河,300942,2771480,3
280,爬蟲類,地龜科,Ocadia sinensis,斑龜,,,2014,7,3,1043,淡水河,300865,2771243,2
281,爬蟲類,地龜科,Ocadia sinensis,斑龜,,,2014,7,3,1051,淡水河,300327,2770536,2
282,爬蟲類,飛蜥科,Japalura swinhonis,斯文豪氏攀蜥,特有種,,2014,7,3,1056,淡水河,300041,2770241,1
283,爬蟲類,澤龜科,Trachemys scripta elegans,紅耳泥龜,,外來種,2014,7,3,1115,新店溪,299262,2769254,2
284,爬蟲類,地龜科,Ocadia sinensis,斑龜,,,2014,7,3,1115,新店溪,299262,2769254,2
285,爬蟲類,飛蜥科,Japalura swinhonis,斯文豪氏攀蜥,特有種,,2014,7,3,1128,新店溪,299615,2768271,1
286,爬蟲類,飛蜥科,Japalura swinhonis,斯文豪氏攀蜥,特有種,,2014,7,3,1131,新店溪,299678,2768135,1
287,爬蟲類,飛蜥科,Japalura swinhonis,斯文豪氏攀蜥,特有種,,2014,7,3,1132,新店溪,299687,2768102,1
288,爬蟲類,飛蜥科,Japalura swinhonis,斯文豪氏攀蜥,特有種,,2014,7,3,1133,新店溪,299701,2768096,1
289,爬蟲類,飛蜥科,Japalura swinhonis,斯文豪氏攀蜥,特有種,,2014,7,3,1135,新店溪,299706,2768067,1
290,爬蟲類,飛蜥科,Japalura swinhonis,斯文豪氏攀蜥,特有種,,2014,7,3,1141,新店溪,299860,2767768,1
291,爬蟲類,飛蜥科,Japalura swinhonis,斯文豪氏攀蜥,特有種,,2014,7,3,1142,新店溪,299868,2767758,1
292,爬蟲類,飛蜥科,Japalura swinhonis,斯文豪氏攀蜥,特有種,,2014,7,3,1143,新店溪,299875,2767752,1
293,爬蟲類,飛蜥科,Japalura swinhonis,斯文豪氏攀蜥,特有種,,2014,7,3,1144,新店溪,299890,2767736,1
294,爬蟲類,壁虎科,Gekko hokouensis,鉛山壁虎,,,2014,7,3,1204,新店溪,300425,2767616,2
298,爬蟲類,壁虎科,Hemidactylus frenatus,疣尾蝎虎,,,2014,7,4,815,淡水河,301352,2773525,1
299,爬蟲類,飛蜥科,Japalura swinhonis,斯文豪氏攀蜥,特有種,,2014,7,4,902,關渡水岸公園,296672,2778868,1
300,爬蟲類,飛蜥科,Japalura swinhonis,斯文豪氏攀蜥,特有種,,2014,7,4,1002,淡水河,301073,2775152,1
301,爬蟲類,飛蜥科,Japalura swinhonis,斯文豪氏攀蜥,特有種,,2014,7,4,1005,淡水河,301188,2774798,1
302,爬蟲類,澤龜科,Trachemys scripta elegans,紅耳泥龜,,外來種,2014,7,4,1009,淡水河,301283,2774191,1
303,爬蟲類,地龜科,Ocadia sinensis,斑龜,,,2014,7,4,1014,淡水河,301356,2773590,1
304,爬蟲類,澤龜科,Trachemys scripta elegans,紅耳泥龜,,外來種,2014,7,4,1016,淡水河,301332,2773412,1
305,爬蟲類,澤龜科,Trachemys scripta elegans,紅耳泥龜,,外來種,2014,7,4,1019,淡水河,301330,2773375,1
306,爬蟲類,澤龜科,Trachemys scripta elegans,紅耳泥龜,,外來種,2014,7,4,1022,淡水河,301306,2773053,1
307,爬蟲類,地龜科,Ocadia sinensis,斑龜,,,2014,7,4,1034,淡水河,300953,2771549,1
308,爬蟲類,地龜科,Ocadia sinensis,斑龜,,,2014,7,4,1036,淡水河,300949,2771347,5
309,爬蟲類,地龜科,Ocadia sinensis,斑龜,,,2014,7,4,1039,淡水河,300940,2771347,1
310,爬蟲類,澤龜科,Trachemys scripta elegans,紅耳泥龜,,外來種,2014,7,4,1040,淡水河,300870,2771258,2
311,爬蟲類,地龜科,Ocadia sinensis,斑龜,,,2014,7,4,1040,淡水河,300870,2771258,2
312,爬蟲類,地龜科,Ocadia sinensis,斑龜,,,2014,7,4,1043,淡水河,300792,2771107,6
313,爬蟲類,飛蜥科,Japalura swinhonis,斯文豪氏攀蜥,特有種,,2014,7,4,1048,淡水河,300132,2770286,1
314,爬蟲類,飛蜥科,Japalura swinhonis,斯文豪氏攀蜥,特有種,,2014,7,4,1050,淡水河,299981,2770205,1
315,爬蟲類,飛蜥科,Japalura swinhonis,斯文豪氏攀蜥,特有種,,2014,7,4,1139,新店溪,302677,2767973,1
337,爬蟲類,澤龜科,Trachemys scripta elegans,紅耳泥龜,,外來種,2014,7,4,2125,新店溪,299648,2767588,1
348,爬蟲類,壁虎科,Hemidactylus frenatus,疣尾蝎虎,,,2014,7,4,2215,新店溪,299645,2768206,1
352,爬蟲類,壁虎科,Gekko hokouensis,鉛山壁虎,,,2014,7,4,2225,新店溪,299609,2768290,1
353,爬蟲類,壁虎科,Hemidactylus frenatus,疣尾蝎虎,,,2014,10,15,,新店溪,302267,2768240,1
354,爬蟲類,壁虎科,Hemidactylus frenatus,疣尾蝎虎,,,2014,8,21,,新店溪,303954,2766448,1
355,爬蟲類,澤龜科,Trachemys scripta elegans,紅耳泥龜,,外來種,2014,9,17,,新店溪,303418,2767032,1
356,爬蟲類,澤龜科,Trachemys scripta elegans,紅耳泥龜,,外來種,2014,9,17,,新店溪,299260,2769258,1
357,爬蟲類,澤龜科,Trachemys scripta elegans,紅耳泥龜,,外來種,2014,9,28,,淡水河,300791,2771109,1
358,爬蟲類,澤龜科,Trachemys scripta elegans,紅耳泥龜,,外來種,2014,9,28,,淡水河,300942,2771488,1
359,爬蟲類,澤龜科,Trachemys scripta elegans,紅耳泥龜,,外來種,2014,10,16,,淡水河,300793,2771109,1
360,爬蟲類,澤龜科,Trachemys scripta elegans,紅耳泥龜,,外來種,2014,10,16,,淡水河,300347,2770545,1
361,爬蟲類,澤龜科,Trachemys scripta elegans,紅耳泥龜,,外來種,2014,10,16,,新店溪,299255,2768986,1
362,爬蟲類,澤龜科,Trachemys scripta elegans,紅耳泥龜,,外來種,2014,8,15,,淡水河,299432,2769889,5
363,爬蟲類,澤龜科,Trachemys scripta elegans,紅耳泥龜,,外來種,2014,8,15,,新店溪,299234,2769283,3
364,爬蟲類,澤龜科,Trachemys scripta elegans,紅耳泥龜,,外來種,2014,8,19,,淡水河,300942,2771478,1
365,爬蟲類,澤龜科,Trachemys scripta elegans,紅耳泥龜,,外來種,2014,8,19,,淡水河,300583,2770883,1
366,爬蟲類,澤龜科,Trachemys scripta elegans,紅耳泥龜,,外來種,2014,8,19,,淡水河,299502,2769847,3
367,爬蟲類,澤龜科,Trachemys scripta elegans,紅耳泥龜,,外來種,2014,8,19,,淡水河,300507,2770756,1
368,爬蟲類,黃頷蛇科,Elaphe carinata,臭青公,,,2014,9,28,,新店溪,301480,2768377,1
369,爬蟲類,黃頷蛇科,Ptyas korros,細紋南蛇,,,2014,9,18,,新店溪,301289,2768311,1
370,爬蟲類,地龜科,Ocadia sinensis,斑龜,,,2014,8,5,,新店溪,303703,2766944,1
371,爬蟲類,地龜科,Ocadia sinensis,斑龜,,,2014,10,19,,新店溪,301573,2768386,1
372,爬蟲類,地龜科,Ocadia sinensis,斑龜,,,2014,10,19,,新店溪,301594,2768394,2
373,爬蟲類,地龜科,Ocadia sinensis,斑龜,,,2014,9,17,,新店溪,303368,2767075,1
374,爬蟲類,地龜科,Ocadia sinensis,斑龜,,,2014,9,17,,新店溪,302091,2768269,1
375,爬蟲類,地龜科,Ocadia sinensis,斑龜,,,2014,9,17,,新店溪,301672,2768391,1
376,爬蟲類,地龜科,Ocadia sinensis,斑龜,,,2014,9,17,,新店溪,299260,2769258,1
377,爬蟲類,地龜科,Ocadia sinensis,斑龜,,,2014,9,19,,關渡水岸公園,296561,2779334,1
378,爬蟲類,地龜科,Ocadia sinensis,斑龜,,,2014,8,15,,新店溪,300906,2767915,2
379,爬蟲類,地龜科,Ocadia sinensis,斑龜,,,2014,8,15,,新店溪,303594,2766996,2
380,爬蟲類,地龜科,Ocadia sinensis,斑龜,,,2014,9,28,,淡水河,300791,2771109,1
381,爬蟲類,地龜科,Ocadia sinensis,斑龜,,,2014,9,28,,淡水河,300942,2771488,1
382,爬蟲類,地龜科,Ocadia sinensis,斑龜,,,2014,10,16,,淡水河,301304,2773016,1
383,爬蟲類,地龜科,Ocadia sinensis,斑龜,,,2014,10,16,,淡水河,300347,2770545,1
384,爬蟲類,地龜科,Ocadia sinensis,斑龜,,,2014,8,15,,新店溪,299219,2769223,2
385,爬蟲類,地龜科,Ocadia sinensis,斑龜,,,2014,8,15,,新店溪,299234,2769283,5
386,爬蟲類,地龜科,Ocadia sinensis,斑龜,,,2014,8,15,,新店溪,299241,2769036,1
387,爬蟲類,地龜科,Ocadia sinensis,斑龜,,,2014,8,15,,新店溪,299258,2768982,4
388,爬蟲類,地龜科,Ocadia sinensis,斑龜,,,2014,8,19,,淡水河,300909,2771348,2
389,爬蟲類,地龜科,Ocadia sinensis,斑龜,,,2014,8,25,,新店溪,299272,2768939,1
390,爬蟲類,飛蜥科,Japalura swinhonis,斯文豪氏攀蜥,特有種,,2014,8,5,,新店溪,303907,2766679,2
391,爬蟲類,飛蜥科,Japalura swinhonis,斯文豪氏攀蜥,特有種,,2014,8,5,,新店溪,303895,2766722,1
392,爬蟲類,飛蜥科,Japalura swinhonis,斯文豪氏攀蜥,特有種,,2014,8,5,,新店溪,303878,2766735,2
393,爬蟲類,飛蜥科,Japalura swinhonis,斯文豪氏攀蜥,特有種,,2014,8,5,,新店溪,303809,2766948,1
394,爬蟲類,飛蜥科,Japalura swinhonis,斯文豪氏攀蜥,特有種,,2014,8,5,,新店溪,303810,2766936,1
395,爬蟲類,飛蜥科,Japalura swinhonis,斯文豪氏攀蜥,特有種,,2014,8,5,,新店溪,303824,2766950,1
396,爬蟲類,飛蜥科,Japalura swinhonis,斯文豪氏攀蜥,特有種,,2014,8,5,,新店溪,303790,2766911,1
397,爬蟲類,飛蜥科,Japalura swinhonis,斯文豪氏攀蜥,特有種,,2014,8,5,,新店溪,303744,2766894,1
398,爬蟲類,飛蜥科,Japalura swinhonis,斯文豪氏攀蜥,特有種,,2014,8,5,,新店溪,303741,2767000,3
399,爬蟲類,飛蜥科,Japalura swinhonis,斯文豪氏攀蜥,特有種,,2014,8,5,,新店溪,303781,2766790,1
400,爬蟲類,飛蜥科,Japalura swinhonis,斯文豪氏攀蜥,特有種,,2014,9,17,,新店溪,303807,2766722,1
401,爬蟲類,飛蜥科,Japalura swinhonis,斯文豪氏攀蜥,特有種,,2014,9,17,,新店溪,303798,2766730,3
402,爬蟲類,飛蜥科,Japalura swinhonis,斯文豪氏攀蜥,特有種,,2014,9,17,,新店溪,303764,2766782,1
403,爬蟲類,飛蜥科,Japalura swinhonis,斯文豪氏攀蜥,特有種,,2014,9,17,,新店溪,302976,2767454,1
404,爬蟲類,飛蜥科,Japalura swinhonis,斯文豪氏攀蜥,特有種,,2014,9,17,,新店溪,302831,2767866,1
405,爬蟲類,飛蜥科,Japalura swinhonis,斯文豪氏攀蜥,特有種,,2014,9,17,,新店溪,302609,2768022,1
406,爬蟲類,飛蜥科,Japalura swinhonis,斯文豪氏攀蜥,特有種,,2014,9,17,,新店溪,302516,2768100,1
407,爬蟲類,飛蜥科,Japalura swinhonis,斯文豪氏攀蜥,特有種,,2014,9,17,,新店溪,301349,2768342,1
408,爬蟲類,飛蜥科,Japalura swinhonis,斯文豪氏攀蜥,特有種,,2014,9,17,,新店溪,300729,2767731,1
409,爬蟲類,飛蜥科,Japalura swinhonis,斯文豪氏攀蜥,特有種,,2014,9,17,,新店溪,299756,2767317,2
410,爬蟲類,飛蜥科,Japalura swinhonis,斯文豪氏攀蜥,特有種,,2014,9,17,,新店溪,299418,2768691,3
411,爬蟲類,飛蜥科,Japalura swinhonis,斯文豪氏攀蜥,特有種,,2014,9,17,,淡水河,300294,2770451,1
412,爬蟲類,飛蜥科,Japalura swinhonis,斯文豪氏攀蜥,特有種,,2014,9,18,,新店溪,301724,2768527,1
413,爬蟲類,飛蜥科,Japalura swinhonis,斯文豪氏攀蜥,特有種,,2014,9,19,,關渡水岸公園,296582,2779432,1
414,爬蟲類,飛蜥科,Japalura swinhonis,斯文豪氏攀蜥,特有種,,2014,8,15,,新店溪,303801,2767041,1
415,爬蟲類,飛蜥科,Japalura swinhonis,斯文豪氏攀蜥,特有種,,2014,8,15,,新店溪,303690,2766972,1
416,爬蟲類,飛蜥科,Japalura swinhonis,斯文豪氏攀蜥,特有種,,2014,8,15,,新店溪,303643,2766994,2
417,爬蟲類,飛蜥科,Japalura swinhonis,斯文豪氏攀蜥,特有種,,2014,8,15,,新店溪,303394,2767051,1
418,爬蟲類,飛蜥科,Japalura swinhonis,斯文豪氏攀蜥,特有種,,2014,8,15,,新店溪,303378,2767072,1
419,爬蟲類,飛蜥科,Japalura swinhonis,斯文豪氏攀蜥,特有種,,2014,8,15,,新店溪,303341,2767086,1
420,爬蟲類,飛蜥科,Japalura swinhonis,斯文豪氏攀蜥,特有種,,2014,8,15,,新店溪,302963,2767709,1
421,爬蟲類,飛蜥科,Japalura swinhonis,斯文豪氏攀蜥,特有種,,2014,8,15,,新店溪,302791,2767980,1
422,爬蟲類,飛蜥科,Japalura swinhonis,斯文豪氏攀蜥,特有種,,2014,8,15,,新店溪,301296,2768309,1
423,爬蟲類,飛蜥科,Japalura swinhonis,斯文豪氏攀蜥,特有種,,2014,8,15,,新店溪,301408,2768369,1
424,爬蟲類,飛蜥科,Japalura swinhonis,斯文豪氏攀蜥,特有種,,2014,8,15,,新店溪,301439,2768371,1
425,爬蟲類,飛蜥科,Japalura swinhonis,斯文豪氏攀蜥,特有種,,2014,8,15,,新店溪,302115,2768272,1
426,爬蟲類,飛蜥科,Japalura swinhonis,斯文豪氏攀蜥,特有種,,2014,8,15,,新店溪,303359,2767080,1
427,爬蟲類,飛蜥科,Japalura swinhonis,斯文豪氏攀蜥,特有種,,2014,8,15,,新店溪,299824,2767802,1
428,爬蟲類,飛蜥科,Japalura swinhonis,斯文豪氏攀蜥,特有種,,2014,8,15,,新店溪,299401,2768725,1
429,爬蟲類,飛蜥科,Japalura swinhonis,斯文豪氏攀蜥,特有種,,2014,8,15,,新店溪,299668,2767819,1
430,爬蟲類,飛蜥科,Japalura swinhonis,斯文豪氏攀蜥,特有種,,2014,8,19,,淡水河,300129,2770282,1
431,爬蟲類,飛蜥科,Japalura swinhonis,斯文豪氏攀蜥,特有種,,2014,8,19,,淡水河,300295,2770434,1
432,爬蟲類,飛蜥科,Japalura swinhonis,斯文豪氏攀蜥,特有種,,2014,8,19,,淡水河,301133,2771673,1
433,爬蟲類,飛蜥科,Japalura swinhonis,斯文豪氏攀蜥,特有種,,2014,8,19,,淡水河,301184,2774828,1
434,爬蟲類,飛蜥科,Japalura swinhonis,斯文豪氏攀蜥,特有種,,2014,8,21,,新店溪,303809,2766997,1
435,爬蟲類,飛蜥科,Japalura swinhonis,斯文豪氏攀蜥,特有種,,2014,8,21,,新店溪,303789,2766995,1
436,爬蟲類,飛蜥科,Japalura swinhonis,斯文豪氏攀蜥,特有種,,2014,8,21,,新店溪,303626,2766998,1
437,爬蟲類,飛蜥科,Japalura swinhonis,斯文豪氏攀蜥,特有種,,2014,8,21,,新店溪,302977,2767699,1
438,爬蟲類,飛蜥科,Japalura swinhonis,斯文豪氏攀蜥,特有種,,2014,9,28,,新店溪,301279,2768306,1
439,爬蟲類,飛蜥科,Japalura swinhonis,斯文豪氏攀蜥,特有種,,2014,8,25,,新店溪,300783,2767778,1
440,爬蟲類,蝙蝠蛇科,Naja atra,飯匙倩,,,2014,9,17,,淡水河,300680,2770943,1
441,爬蟲類,壁虎科,Gekko hokouensis,鉛山壁虎,,,2014,8,19,,關渡水岸公園,296631,2779245,1
442,爬蟲類,壁虎科,Gekko hokouensis,鉛山壁虎,,,2014,10,23,,關渡水岸公園,296589.07,2779188.827,1
443,爬蟲類,壁虎科,Gekko hokouensis,鉛山壁虎,,,2014,8,21,,新店溪,303792,2766999,1
444,爬蟲類,壁虎科,Gekko hokouensis,鉛山壁虎,,,2014,8,21,,新店溪,303378,2767063,1
445,爬蟲類,壁虎科,Gekko hokouensis,鉛山壁虎,,,2014,8,21,,新店溪,302194,2768248,3
446,爬蟲類,壁虎科,Gekko hokouensis,鉛山壁虎,,,2014,8,21,,新店溪,299664,2768163,1
447,爬蟲類,壁虎科,Gekko hokouensis,鉛山壁虎,,,2014,8,21,,新店溪,299611,2768288,2
448,爬蟲類,壁虎科,Gekko hokouensis,鉛山壁虎,,,2014,8,21,,新店溪,299610,2768295,1
449,爬蟲類,壁虎科,Gekko hokouensis,鉛山壁虎,,,2014,8,21,,新店溪,299566,2768385,2
450,爬蟲類,壁虎科,Gekko hokouensis,鉛山壁虎,,,2014,8,21,,新店溪,299576,2768389,2
451,爬蟲類,壁虎科,Gekko hokouensis,鉛山壁虎,,,2014,8,21,,新店溪,299551,2768429,2
452,爬蟲類,壁虎科,Gekko hokouensis,鉛山壁虎,,,2014,8,21,,新店溪,299538,2768469,1
453,爬蟲類,壁虎科,Gekko hokouensis,鉛山壁虎,,,2014,8,22,,淡水河,300223,2776145,1
454,爬蟲類,壁虎科,Gekko hokouensis,鉛山壁虎,,,2014,8,22,,淡水河,299610,2769973,1
455,爬蟲類,壁虎科,Gekko hokouensis,鉛山壁虎,,,2014,8,22,,淡水河,299613,2769966,1
456,爬蟲類,壁虎科,Gekko hokouensis,鉛山壁虎,,,2014,8,22,,淡水河,299604,2769971,1
457,爬蟲類,壁虎科,Gekko hokouensis,鉛山壁虎,,,2014,8,22,,淡水河,299998,2770206,3
458,爬蟲類,正蜥科,Takydromus viridipunctatus,翠斑草蜥,特有種,,2014,8,19,,關渡水岸公園,296603,2779207,1
459,爬蟲類,壁虎科,Hemidactylus frenatus,疣尾蝎虎,,,2014,10,15,,新店溪,302182,2768272,6
460,爬蟲類,壁虎科,Hemidactylus frenatus,疣尾蝎虎,,,2014,9,18,,新店溪,303558,2767038,1
461,爬蟲類,壁虎科,Hemidactylus frenatus,疣尾蝎虎,,,2014,9,18,,新店溪,302215,2768262,1
567,爬蟲類,壁虎科,Gekko hokouensis,鉛山壁虎,,,2014,11,21,,關渡水岸公園,296614,2779048,1
568,爬蟲類,壁虎科,Hemidactylus frenatus,疣尾蝎虎,,,2014,11,21,,新店溪,302247.532,2768234.168,1
569,爬蟲類,壁虎科,Hemidactylus frenatus,疣尾蝎虎,,,2014,11,21,,新店溪,302261.561,2768231.145,1
570,爬蟲類,壁虎科,Hemidactylus frenatus,疣尾蝎虎,,,2014,11,21,,新店溪,302272.763,2768234.265,9
571,爬蟲類,壁虎科,Hemidactylus bowringii,無疣蝎虎,,,2014,11,21,,新店溪,302272.763,2768234.265,1
572,爬蟲類,壁虎科,Gekko hokouensis,鉛山壁虎,,,2014,11,21,,新店溪,302278.405,2768225.056,1
573,爬蟲類,壁虎科,Hemidactylus frenatus,疣尾蝎虎,,,2014,11,21,,新店溪,302278.405,2768225.056,2
574,爬蟲類,壁虎科,Hemidactylus bowringii,無疣蝎虎,,,2014,11,21,,新店溪,302278.405,2768225.056,1
575,爬蟲類,壁虎科,Hemidactylus frenatus,疣尾蝎虎,,,2014,11,21,,新店溪,302291.021,2768225.104,2
576,爬蟲類,壁虎科,Hemidactylus bowringii,無疣蝎虎,,,2014,11,21,,新店溪,302291.021,2768225.104,3
577,爬蟲類,壁虎科,Hemidactylus frenatus,疣尾蝎虎,,,2014,11,21,,新店溪,302303.625,2768228.229,4
578,爬蟲類,壁虎科,Hemidactylus bowringii,無疣蝎虎,,,2014,11,21,,新店溪,302312.059,2768222.108,2
579,爬蟲類,壁虎科,Gekko hokouensis,鉛山壁虎,,,2014,11,21,,新店溪,302312.059,2768222.108,1
580,爬蟲類,飛蜥科,Japalura swinhonis,斯文豪氏攀蜥,特有種,,2014,11,21,,新店溪,302961.63,2767716.928,2
581,爬蟲類,鱉科,Pelodiscus sinensis,鱉,,,2014,11,21,,新店溪,303828.042,2766981.865,1
582,爬蟲類,地龜科,Ocadia sinensis,斑龜,,,2014,11,23,,淡水河,301183,2774747,1
583,爬蟲類,地龜科,Ocadia sinensis,斑龜,,,2014,11,23,,淡水河,301217,2774579,1
584,爬蟲類,地龜科,Ocadia sinensis,斑龜,,,2014,11,23,,淡水河,300978,2771588,1
586,爬蟲類,壁虎科,Hemidactylus bowringii,無疣蝎虎,,,2014,12,20,,新店溪,302219,2768237,2
587,爬蟲類,壁虎科,Hemidactylus frenatus,疣尾蝎虎,,,2014,12,20,,新店溪,302219,2768237,1
588,爬蟲類,壁虎科,Hemidactylus bowringii,無疣蝎虎,,,2014,12,20,,新店溪,302269,2768232,1
589,爬蟲類,壁虎科,Gekko hokouensis,鉛山壁虎,,,2014,12,20,,新店溪,302269,2768232,1
590,爬蟲類,壁虎科,Hemidactylus bowringii,無疣蝎虎,,,2014,12,20,,新店溪,302276,2768233,1
592,爬蟲類,地龜科,Ocadia sinensis,斑龜,,,2014,12,24,,淡水河,300142.642,2769678.287,1
593,爬蟲類,壁虎科,Gekko hokouensis,鉛山壁虎,,,2015,1,22,,關渡水岸公園,296616,2779051,1
594,爬蟲類,壁虎科,Gekko hokouensis,鉛山壁虎,,,2015,1,22,,關渡水岸公園,296604,2779119,1
595,爬蟲類,壁虎科,Gekko hokouensis,鉛山壁虎,,,2015,1,22,,關渡水岸公園,296626,2779116,1
596,爬蟲類,壁虎科,Gekko hokouensis,鉛山壁虎,,,2015,1,24,,淡水河,300049,2770241,1
597,爬蟲類,壁虎科,Gekko hokouensis,鉛山壁虎,,,2015,1,24,,淡水河,300006,2770231,1
598,爬蟲類,壁虎科,Gekko hokouensis,鉛山壁虎,,,2015,1,24,,淡水河,299552,2770028,1
599,爬蟲類,壁虎科,Gekko hokouensis,鉛山壁虎,,,2015,1,24,,淡水河,299543,2770041,1
601,爬蟲類,壁虎科,Hemidactylus frenatus,疣尾蝎虎,,,2015,1,21,,新店溪,303002.481,2768064.318,3
602,爬蟲類,壁虎科,Hemidactylus bowringii,無疣蝎虎,,,2015,1,21,,新店溪,303022.129,2768058.239,1
603,爬蟲類,壁虎科,Hemidactylus frenatus,疣尾蝎虎,,,2015,1,21,,新店溪,303022.129,2768058.239,1
604,爬蟲類,壁虎科,Hemidactylus frenatus,疣尾蝎虎,,,2015,1,21,,新店溪,303100.734,2768030.848,1
605,爬蟲類,壁虎科,Hemidactylus frenatus,疣尾蝎虎,,,2015,1,21,,新店溪,303117.602,2768018.605,2
606,爬蟲類,壁虎科,Gekko hokouensis,鉛山壁虎,,,2015,1,21,,新店溪,303117.602,2768018.605,1
607,爬蟲類,壁虎科,Hemidactylus frenatus,疣尾蝎虎,,,2015,1,21,,新店溪,303134.411,2768021.746,1
608,爬蟲類,壁虎科,Hemidactylus bowringii,無疣蝎虎,,,2015,1,21,,新店溪,303134.411,2768021.746,1
610,爬蟲類,地龜科,Ocadia sinensis,斑龜,,,2015,2,16,,新店溪,303755,2766784,3
611,爬蟲類,澤龜科,Trachemys scripta elegans,紅耳泥龜,,外來種,2015,2,16,,新店溪,301711,2768398,1
612,爬蟲類,地龜科,Ocadia sinensis,斑龜,,,2015,2,16,,新店溪,301668,2768399,1
613,爬蟲類,地龜科,Ocadia sinensis,斑龜,,,2015,2,16,,新店溪,301563,2768380,1
614,爬蟲類,地龜科,Ocadia sinensis,斑龜,,,2015,2,16,,新店溪,301224,2768235,12
615,爬蟲類,地龜科,Ocadia sinensis,斑龜,,,2015,2,16,,新店溪,300964,2767968,1
617,爬蟲類,壁虎科,Gekko hokouensis,鉛山壁虎,,,2015,2,16,,新店溪,302982,2767705,1
618,爬蟲類,飛蜥科,Japalura swinhonis,斯文豪氏攀蜥,特有種,,2015,2,16,,新店溪,302806,2767989,1
619,爬蟲類,飛蜥科,Japalura swinhonis,斯文豪氏攀蜥,特有種,,2015,2,16,,新店溪,302798,2768005,1
620,爬蟲類,飛蜥科,Japalura swinhonis,斯文豪氏攀蜥,特有種,,2015,2,16,,新店溪,302788,2768021,1
621,爬蟲類,壁虎科,Gekko hokouensis,鉛山壁虎,,,2015,2,16,,新店溪,302768,2768004,1
622,爬蟲類,飛蜥科,Japalura swinhonis,斯文豪氏攀蜥,特有種,,2015,2,16,,新店溪,302779,2767991,1
624,爬蟲類,地龜科,Ocadia sinensis,斑龜,,,2015,2,16,,新店溪,302594,2768158,1
625,爬蟲類,壁虎科,Hemidactylus bowringii,無疣蝎虎,,,2015,2,16,,新店溪,302313,2768233,4
626,爬蟲類,壁虎科,Hemidactylus bowringii,無疣蝎虎,,,2015,2,16,,新店溪,302318,2768237,3
627,爬蟲類,壁虎科,Hemidactylus frenatus,疣尾蝎虎,,,2015,2,16,,新店溪,302289,2768225,2
628,爬蟲類,壁虎科,Gekko hokouensis,鉛山壁虎,,,2015,2,16,,新店溪,302280,2768245,2
629,爬蟲類,壁虎科,Hemidactylus bowringii,無疣蝎虎,,,2015,2,16,,新店溪,302233,2768251,3
630,爬蟲類,壁虎科,Hemidactylus bowringii,無疣蝎虎,,,2015,2,16,,新店溪,302200,2768264,2
631,爬蟲類,飛蜥科,Japalura swinhonis,斯文豪氏攀蜥,特有種,,2015,2,16,,新店溪,302055,2768453,1
632,爬蟲類,壁虎科,Gekko hokouensis,鉛山壁虎,,,2015,2,16,,新店溪,302016,2768485,1
637,爬蟲類,壁虎科,Gekko hokouensis,鉛山壁虎,,,2015,2,24,,關渡水岸公園,296637.47,2778964.4,1
639,爬蟲類,澤龜科,Trachemys scripta elegans,紅耳泥龜,,外來種,2015,2,25,,淡水河,299429.6,2769897.51,5
643,爬蟲類,壁虎科,Hemidactylus frenatus,疣尾蝎虎,,,2015,2,25,,淡水河,301273.74,2774467.29,1
644,爬蟲類,壁虎科,Hemidactylus bowringii,無疣蝎虎,,,2015,2,25,,淡水河,301282.27,2774433.48,1
645,爬蟲類,壁虎科,Hemidactylus frenatus,疣尾蝎虎,,,2015,2,25,,淡水河,301293.57,2774408.91,1
656,爬蟲類,澤龜科,Trachemys scripta elegans,紅耳泥龜,,外來種,2015,3,19,,淡水河,299312,2769862,1
658,爬蟲類,地龜科,Ocadia sinensis,斑龜,,,2015,3,19,,淡水河,299468,2769905,2
659,爬蟲類,澤龜科,Trachemys scripta elegans,紅耳泥龜,,外來種,2015,3,19,,淡水河,299510,2769865,6
662,爬蟲類,澤龜科,Trachemys scripta elegans,紅耳泥龜,,外來種,2015,3,19,,淡水河,300197,2770345,1
663,爬蟲類,地龜科,Ocadia sinensis,斑龜,,,2015,3,19,,淡水河,300198,2770345,1
664,爬蟲類,澤龜科,Trachemys scripta elegans,紅耳泥龜,,外來種,2015,3,19,,淡水河,300303,2770499,2
665,爬蟲類,地龜科,Ocadia sinensis,斑龜,,,2015,3,19,,淡水河,300870,2771265,1
666,爬蟲類,澤龜科,Trachemys scripta elegans,紅耳泥龜,,外來種,2015,3,19,,淡水河,300870,2771265,2
667,爬蟲類,地龜科,Ocadia sinensis,斑龜,,,2015,3,19,,淡水河,300944,2771536,2
668,爬蟲類,澤龜科,Trachemys scripta elegans,紅耳泥龜,,外來種,2015,3,19,,淡水河,300944,2771536,1
669,爬蟲類,澤龜科,Trachemys scripta elegans,紅耳泥龜,,外來種,2015,3,19,,淡水河,301240,2772265,5
670,爬蟲類,地龜科,Ocadia sinensis,斑龜,,,2015,3,19,,淡水河,301240,2772265,1
671,爬蟲類,壁虎科,Hemidactylus frenatus,疣尾蝎虎,,,2015,3,19,,淡水河,301320,2773168,1
672,爬蟲類,壁虎科,Gekko hokouensis,鉛山壁虎,,,2015,3,20,,關渡水岸公園,296631,2778948,1
673,爬蟲類,壁虎科,Gekko hokouensis,鉛山壁虎,,,2015,3,20,,關渡水岸公園,296617,2779024,1
674,爬蟲類,壁虎科,Gekko hokouensis,鉛山壁虎,,,2015,3,20,,關渡水岸公園,296607,2779074,1
675,爬蟲類,壁虎科,Gekko hokouensis,鉛山壁虎,,,2015,3,20,,關渡水岸公園,296604,2779096,1
676,爬蟲類,壁虎科,Gekko hokouensis,鉛山壁虎,,,2015,3,20,,關渡水岸公園,296604,2779096,1
677,爬蟲類,壁虎科,Gekko hokouensis,鉛山壁虎,,,2015,3,20,,關渡水岸公園,296603,2779113,1
678,爬蟲類,壁虎科,Gekko hokouensis,鉛山壁虎,,,2015,3,20,,關渡水岸公園,296598,2779135,1
679,爬蟲類,壁虎科,Gekko hokouensis,鉛山壁虎,,,2015,3,20,,關渡水岸公園,296588,2779432,1
680,爬蟲類,壁虎科,Gekko hokouensis,鉛山壁虎,,,2015,3,20,,關渡水岸公園,296600,2779395,1
682,爬蟲類,壁虎科,Gekko hokouensis,鉛山壁虎,,,2015,3,20,,關渡水岸公園,296614,2779325,1
684,爬蟲類,澤龜科,Trachemys scripta elegans,紅耳泥龜,,外來種,2015,3,30,,新店溪,303797.97,2766787.92,1
764,爬蟲類,澤龜科,Trachemys scripta elegans,紅耳泥龜,,外來種,2015,3,30,,新店溪,300335.95,2767362.42,1
790,爬蟲類,澤龜科,Trachemys scripta elegans,紅耳泥龜,,外來種,2015,3,30,,新店溪,301938.75,2768340.7,1
796,爬蟲類,地龜科,Ocadia sinensis,斑龜,,,2015,3,30,,新店溪,299099.51,2769708.63,1
805,爬蟲類,壁虎科,Hemidactylus frenatus,疣尾蝎虎,,,2015,3,31,,新店溪,302171.74,2768261.59,5
806,爬蟲類,壁虎科,Hemidactylus frenatus,疣尾蝎虎,,,2015,3,31,,新店溪,302188.56,2768261.65,2
807,爬蟲類,壁虎科,Hemidactylus frenatus,疣尾蝎虎,,,2015,3,31,,新店溪,302227.86,2768249.5,2
808,爬蟲類,壁虎科,Hemidactylus frenatus,疣尾蝎虎,,,2015,3,31,,新店溪,302244.7,2768243.41,2
809,爬蟲類,壁虎科,Hemidactylus frenatus,疣尾蝎虎,,,2015,3,31,,新店溪,302264.36,2768234.25,1
810,爬蟲類,壁虎科,Hemidactylus bowringii,無疣蝎虎,,,2015,3,31,,新店溪,302286.82,2768225.11,1
811,爬蟲類,壁虎科,Gekko hokouensis,鉛山壁虎,,,2015,3,31,,新店溪,302286.82,2768225.11,1
812,爬蟲類,壁虎科,Gekko hokouensis,鉛山壁虎,,,2015,3,31,,新店溪,302303.66,2768222.09,2
813,爬蟲類,壁虎科,Hemidactylus bowringii,無疣蝎虎,,,2015,3,31,,新店溪,302303.66,2768222.09,5
814,爬蟲類,壁虎科,Hemidactylus frenatus,疣尾蝎虎,,,2015,3,31,,新店溪,302303.66,2768222.09,3
827,爬蟲類,飛蜥科,Japalura swinhonis,斯文豪氏攀蜥,特有種,,2015,3,31,,新店溪,302978.45,2767720.09,1
828,爬蟲類,飛蜥科,Japalura swinhonis,斯文豪氏攀蜥,特有種,,2015,3,31,,新店溪,302882.6,2767855.1,1
843,爬蟲類,壁虎科,Gekko hokouensis,鉛山壁虎,,,2015,3,31,,淡水河,299973,2770206,1
846,爬蟲類,澤龜科,Trachemys scripta elegans,紅耳泥龜,,外來種,2015,3,31,,淡水河,299502,2769859,6
848,爬蟲類,壁虎科,Gekko hokouensis,鉛山壁虎,,,2015,3,31,,淡水河,299559,2770031,1
849,爬蟲類,壁虎科,Gekko hokouensis,鉛山壁虎,,,2015,3,31,,淡水河,299563,2770046,2
850,爬蟲類,壁虎科,Gekko hokouensis,鉛山壁虎,,,2015,3,31,,淡水河,299546,2770051,1
852,爬蟲類,壁虎科,Gekko hokouensis,鉛山壁虎,,,2015,3,31,,淡水河,299540,2770052,1
853,爬蟲類,壁虎科,Gekko hokouensis,鉛山壁虎,,,2015,3,31,,淡水河,300286,2770424,1
854,爬蟲類,飛蜥科,Japalura swinhonis,斯文豪氏攀蜥,特有種,,2015,4,23,,新店溪,303874,2766739,1
855,爬蟲類,飛蜥科,Japalura swinhonis,斯文豪氏攀蜥,特有種,,2015,4,23,,新店溪,303874,2766739,1
856,爬蟲類,地龜科,Ocadia sinensis,斑龜,,,2015,4,23,,新店溪,303750,2766786,1
857,爬蟲類,澤龜科,Trachemys scripta elegans,紅耳泥龜,,外來種,2015,4,23,,新店溪,303750,2766786,1
858,爬蟲類,黃頷蛇科,Elaphe carinata,臭青公,,,2015,4,23,,新店溪,303731,2766805,1
859,爬蟲類,澤龜科,Trachemys scripta elegans,紅耳泥龜,,外來種,2015,4,23,,新店溪,303731,2766805,2
860,爬蟲類,澤龜科,Trachemys scripta elegans,紅耳泥龜,,外來種,2015,4,23,,新店溪,303737,2766821,3
861,爬蟲類,地龜科,Ocadia sinensis,斑龜,,,2015,4,23,,新店溪,303708,2766818,3
862,爬蟲類,地龜科,Ocadia sinensis,斑龜,,,2015,4,23,,新店溪,303483,2767036,3
863,爬蟲類,地龜科,Ocadia sinensis,斑龜,,,2015,4,23,,新店溪,301391,2768349,3
864,爬蟲類,澤龜科,Trachemys scripta elegans,紅耳泥龜,,外來種,2015,4,23,,新店溪,301207,2768249,3
865,爬蟲類,地龜科,Ocadia sinensis,斑龜,,,2015,4,23,,新店溪,301207,2768249,3
866,爬蟲類,澤龜科,Trachemys scripta elegans,紅耳泥龜,,外來種,2015,4,23,,新店溪,301224,2768236,2
867,爬蟲類,地龜科,Ocadia sinensis,斑龜,,,2015,4,23,,新店溪,301224,2768236,2
869,爬蟲類,澤龜科,Trachemys scripta elegans,紅耳泥龜,,外來種,2015,4,23,,新店溪,299081,2769469,7
883,爬蟲類,飛蜥科,Japalura swinhonis,斯文豪氏攀蜥,特有種,,2015,4,23,,新店溪,302758,2768015,1
884,爬蟲類,壁虎科,Hemidactylus bowringii,無疣蝎虎,,,2015,4,23,,新店溪,302304,2768199,4
885,爬蟲類,壁虎科,Hemidactylus frenatus,疣尾蝎虎,,,2015,4,23,,新店溪,302304,2768199,2
886,爬蟲類,壁虎科,Hemidactylus bowringii,無疣蝎虎,,,2015,4,23,,新店溪,302283,2768218,9
887,爬蟲類,壁虎科,Hemidactylus bowringii,無疣蝎虎,,,2015,4,23,,新店溪,302249,2768238,10
888,爬蟲類,壁虎科,Hemidactylus frenatus,疣尾蝎虎,,,2015,4,23,,新店溪,302249,2768238,2
890,爬蟲類,黃頷蛇科,Elaphe carinata,臭青公,,,2015,4,23,,新店溪,301972,2768498,1
891,爬蟲類,壁虎科,Gekko hokouensis,鉛山壁虎,,,2015,4,23,,新店溪,301538,2768424,1
915,爬蟲類,壁虎科,Gekko hokouensis,鉛山壁虎,,,2015,4,27,,關渡水岸公園,296685.52,2778838.41,1
916,爬蟲類,壁虎科,Gekko hokouensis,鉛山壁虎,,,2015,4,27,,關渡水岸公園,296674.23,2778862.99,1
917,爬蟲類,壁虎科,Gekko hokouensis,鉛山壁虎,,,2015,4,27,,關渡水岸公園,296651.62,2778921.37,1
918,爬蟲類,壁虎科,Gekko hokouensis,鉛山壁虎,,,2015,4,27,,關渡水岸公園,296643.2,2778927.5,1
919,爬蟲類,壁虎科,Gekko hokouensis,鉛山壁虎,,,2015,4,27,,關渡水岸公園,296640.33,2778945.95,1
920,爬蟲類,壁虎科,Gekko hokouensis,鉛山壁虎,,,2015,4,27,,關渡水岸公園,296611.84,2779087.39,1
921,爬蟲類,壁虎科,Gekko hokouensis,鉛山壁虎,,,2015,4,27,,關渡水岸公園,296600.36,2779167.35,1
922,爬蟲類,壁虎科,Gekko hokouensis,鉛山壁虎,,,2015,4,27,,關渡水岸公園,296589.07,2779191.92,1
923,爬蟲類,壁虎科,Gekko hokouensis,鉛山壁虎,,,2015,4,27,,關渡水岸公園,296565.74,2779459.53,1
925,爬蟲類,蝙蝠蛇科,Naja atra,飯匙倩,,,2015,4,27,,關渡水岸公園,296613.66,2779373.54,1
926,爬蟲類,澤龜科,Trachemys scripta elegans,紅耳泥龜,,外來種,2015,4,28,,淡水河,299261.26,2769939.98,1
928,爬蟲類,澤龜科,Trachemys scripta elegans,紅耳泥龜,,外來種,2015,4,28,,淡水河,299426.77,2769903.65,8
929,爬蟲類,澤龜科,Trachemys scripta elegans,紅耳泥龜,,外來種,2015,4,28,,淡水河,299457.69,2769882.23,2
930,爬蟲類,澤龜科,Trachemys scripta elegans,紅耳泥龜,,外來種,2015,4,28,,淡水河,299460.41,2769903.77,4
931,爬蟲類,蝙蝠蛇科,Naja atra,飯匙倩,,,2015,4,28,,淡水河,301300.3,2774110.48,1
932,爬蟲類,地龜科,Ocadia sinensis,斑龜,,,2015,4,28,,淡水河,300793.04,2771108.64,1
